NU_ANO_CENSO,CO_IES,NO_IES,SG_IES,CO_MANTENEDORA,NO_MANTENEDORA,TP_CATEGORIA_ADMINISTRATIVA,TP_ORGANIZACAO_ACADEMICA,CO_REGIAO,CO_UF,CO_MUNICIPIO,IN_CAPITAL,QT_TEC_TOTAL,QT_TEC_FUNDAMENTAL_INCOMP_FEM,QT_TEC_FUNDAMENTAL_INCOMP_MASC,QT_TEC_FUNDAMENTAL_COMP_FEM,QT_TEC_FUNDAMENTAL_COMP_MASC,QT_TEC_MEDIO_FEM,QT_TEC_MEDIO_MASC,QT_TEC_SUPERIOR_FEM,QT_TEC_SUPERIOR_MASC,QT_TEC_ESPECIALIZACAO_FEM,QT_TEC_ESPECIALIZACAO_MASC,QT_TEC_MESTRADO_FEM,QT_TEC_MESTRADO_MASC,QT_TEC_DOUTORADO_FEM,QT_TEC_DOUTORADO_MASC,IN_ACESSO_PORTAL_CAPES,IN_ACESSO_OUTRAS_BASES,IN_ASSINA_OUTRA_BASE,IN_REPOSITORIO_INSTITUCIONAL,IN_BUSCA_INTEGRADA,IN_SERVICO_INTERNET,IN_PARTICIPA_REDE_SOCIAL,IN_CATALOGO_ONLINE,QT_PERIODICO_ELETRONICO,QT_LIVRO_ELETRONICO,TP_REFERENTE,VL_RECEITA_PROPRIA,VL_RECEITA_TRANSFERENCIA,VL_RECEITA_OUTRA,VL_DESPESA_PESSOAL_DOCENTE,VL_DESPESA_PESSOAL_TECNICO,VL_DESPESA_PESSOAL_ENCARGO,VL_DESPESA_CUSTEIO,VL_DESPESA_INVESTIMENTO,VL_DESPESA_PESQUISA,VL_DESPESA_OUTRA
2015,838,FACULDADE DE CIÊNCIAS TECNOLÓGICAS DE FORTALEZA,FCTFOR,580,ASSOCIACAO DE ENSINO SUPERIOR DE FORTALEZA-AESF,5,3,2,23,2304400,1,9,0,0,1,1,2,2,1,1,1,0,0,0,0,0,0,1.0,,1.0,1.0,1.0,1.0,1.0,42.0,189.0,1.0,169740.78,0.0,36506.47,211679.42,33384.44,1056.89,58335.65,6872.3,0.0,0.0
2015,4043,FACULDADE TECNOLOGIA EDUVALE - AVARÉ,FATEC EDUVALE,882,ASSOCIACAO EDUCACIONAL DO VALE DA JURUMIRIM,5,3,3,35,3504503,0,49,0,0,8,2,10,9,10,4,4,2,0,0,0,0,1,0.0,,0.0,0.0,1.0,1.0,1.0,78.0,0.0,2.0,702467.0,0.0,0.0,238839.0,84296.0,70246.0,38635.0,147518.0,80784.0,26693.0
2015,1330,FACULDADE COTEMIG,COTEMIG,889,SOCIEDADE TECNICA EDUCACIONAL DE MINAS GERAIS LTDA,4,3,3,31,3106200,1,6,0,0,0,0,0,0,2,0,1,1,0,1,0,1,1,0.0,,0.0,1.0,1.0,1.0,1.0,0.0,196.0,1.0,2010702.0,0.0,109276.0,548775.0,201733.0,568609.0,699185.0,7018.0,0.0,94658.0
2015,5017,FACULDADE DE EDUCAÇÃO TECNOLÓGICA DO ESTADO DO RIO DE JANEIRO - FAETERJ,FAETERJ PETRÓPOLIS,904,FUNDACAO DE APOIO A ESCOLA TECNICA DO EST.RIO DE JANEIRO,2,3,3,33,3303906,0,56,1,5,5,6,15,12,6,6,0,0,0,0,0,0,1,0.0,,0.0,0.0,1.0,1.0,0.0,5050.0,1380.0,1.0,0.0,686089515.0,0.0,351952943.43,295640472.48,77429647.55,69300103.0,0.0,0.0,0.0
2015,5016,FACULDADE DE EDUCAÇÃO TECNOLÓGICA DO ESTADO DO RIO DE JANEIRO - FAETERJ,FAETERJ R DE JANEIRO,904,FUNDACAO DE APOIO A ESCOLA TECNICA DO EST.RIO DE JANEIRO,2,3,3,33,3304557,1,22,1,0,0,2,3,6,4,3,1,1,0,1,0,0,0,0.0,,1.0,1.0,1.0,1.0,0.0,0.0,0.0,1.0,0.0,686089515.0,0.0,351952943.43,295640472.48,77429647.55,69300103.0,0.0,0.0,0.0
2015,3299,FACULDADE DE TECNOLOGIA INFORMÁTICA,FATI,2086,CENFOR - CENTRO PRIVADO DE EDUCACAO TECNOLOGICA DE FORTALEZA LTDA,4,3,2,23,2304400,1,11,0,0,1,1,2,2,1,2,2,0,0,0,0,0,0,0.0,,1.0,1.0,1.0,1.0,1.0,89.0,80.0,1.0,59350.2,0.0,12171.99,55476.65,9708.49,1272.77,15473.03,11566.89,0.0,0.0
2015,3657,FACULDADE DE COMPUTAÇÃO DE MONTES CLAROS,FACOMP,2314,INSTITUTO SUPERIOR DE MONTES CLAROS LTDA - EPP,4,3,3,31,3143302,0,9,0,0,1,1,2,1,4,0,0,0,0,0,0,0,0,0.0,,0.0,1.0,1.0,0.0,1.0,2.0,0.0,1.0,938536.31,0.0,0.0,206993.04,79430.4,163988.97,230545.89,0.0,0.0,88619.41
2015,4199,FACULDADE DE TECNOLOGIA ROGACIONISTA,ROGA,2639,ASSOCIACAO ROGACIONISTA DE EDUCACAO E ASSISTENCIA SOCIAL (AREAS),5,3,5,53,5300108,1,13,0,0,0,2,6,3,1,0,1,0,0,0,0,0,1,1.0,,1.0,1.0,1.0,1.0,1.0,500.0,3872.0,2.0,974110.8,0.0,200000.0,418810.24,178903.65,352651.19,146116.62,34093.88,19482.22,9741.11
2015,10323,FACULDADE DE TECNOLOGIA BANDEIRANTES,BANDTEC,3432,EDUCARE TECNOLOGIA DA INFORMACAO LTDA.,4,3,3,35,3550308,1,9,0,0,0,0,1,1,4,1,1,0,0,1,0,0,1,0.0,,1.0,0.0,1.0,1.0,1.0,4.0,0.0,2.0,2677613.35,421418.32,9432.09,2705125.8,958415.4,1152539.78,403820.47,0.0,61980.0,1838138.31
2015,4173,FACULDADE JK DE TECNOLOGIA,FACJK,13385,AESJK - ASSOCIACAO DE ENSINO SUPERIOR JUSCELINO KUBITSCHEK,5,3,5,53,5300108,1,19,2,1,3,2,6,1,1,1,2,0,0,0,0,0,0,0.0,,0.0,0.0,1.0,1.0,1.0,200.0,100.0,1.0,1308399.52,0.0,89000.76,360928.66,257321.08,189125.71,499138.04,76584.98,0.0,0.0
2015,15236,FACULDADE DE TECNOLOGIA ALCIDES MAYA,AMTEC,13952,SOCIEDADE EDUCACIONAL ID LTDA - EPP,4,3,4,43,4314902,1,26,0,0,1,2,8,7,3,2,2,1,0,0,0,0,1,0.0,,0.0,1.0,1.0,1.0,1.0,2.0,10.0,2.0,3594702.68,0.0,17512.32,343053.23,1189570.25,619681.73,774874.4,59057.29,0.0,677326.93
2016,838,FACULDADE DE CIÊNCIAS TECNOLÓGICAS DE FORTALEZA,FCTFOR,580,ASSOCIACAO DE ENSINO SUPERIOR DE FORTALEZA-AESF,5,3,2,23,2304400,1,11,0,0,1,1,2,2,1,2,2,0,0,0,0,0,0,1.0,,1.0,1.0,1.0,1.0,0.0,5000.0,800.0,1.0,157632.5,0.0,30854.44,209455.12,28456.2,1002.28,47550.55,10965.87,0.0,0.0
2016,4043,FACULDADE TECNOLOGIA EDUVALE - AVARÉ,FATEC EDUVALE,882,ASSOCIACAO EDUCACIONAL DO VALE DA JURUMIRIM,5,3,3,35,3504503,0,44,0,0,6,2,8,7,11,5,3,2,0,0,0,0,0,0.0,,0.0,1.0,1.0,1.0,0.0,0.0,0.0,2.0,722839.0,0.0,0.0,261907.0,92425.0,88025.0,28931.0,116598.0,108425.0,25070.0
2016,1330,FACULDADE COTEMIG,COTEMIG,889,SOCIEDADE TECNICA EDUCACIONAL DE MINAS GERAIS LTDA,4,3,3,31,3106200,1,6,0,0,0,0,0,1,2,0,1,1,0,0,0,1,1,0.0,,0.0,1.0,1.0,1.0,1.0,0.0,196.0,1.0,1875548.1,0.0,142633.81,509112.72,216813.7,568243.92,715503.33,6466.26,0.0,2041.98
2016,5017,FACULDADE DE EDUCAÇÃO TECNOLÓGICA DO ESTADO DO RIO DE JANEIRO - FAETERJ,FAETERJ PETRÓPOLIS,904,FUNDACAO DE APOIO A ESCOLA TECNICA DO EST.RIO DE JANEIRO,2,3,3,33,3303906,0,2,0,0,0,0,0,0,1,0,1,0,0,0,0,0,0,0.0,,0.0,0.0,0.0,0.0,0.0,0.0,0.0,1.0,0.0,686089515.0,0.0,351952943.43,295640472.48,77429647.55,69300103.0,0.0,0.0,0.0
2016,5016,FACULDADE DE EDUCAÇÃO TECNOLÓGICA DO ESTADO DO RIO DE JANEIRO - FAETERJ,FAETERJ R DE JANEIRO,904,FUNDACAO DE APOIO A ESCOLA TECNICA DO EST.RIO DE JANEIRO,2,3,3,33,3304557,1,22,1,0,0,2,3,6,4,3,1,1,0,1,0,0,0,0.0,,1.0,1.0,1.0,1.0,0.0,0.0,0.0,1.0,0.0,686089515.0,0.0,351952943.43,295640472.48,77429647.55,69300103.0,0.0,0.0,0.0
2016,3299,FACULDADE DE TECNOLOGIA INFORMÁTICA,FATI,2086,CENFOR - CENTRO PRIVADO DE EDUCACAO TECNOLOGICA DE FORTALEZA LTDA,4,3,2,23,2304400,1,9,0,0,1,1,2,0,1,2,2,0,0,0,0,0,0,1.0,,1.0,1.0,1.0,1.0,0.0,1200.0,5000.0,1.0,62817.71,0.0,14980.59,60938.52,10291.0,1349.14,16401.42,12260.91,0.0,0.0
2016,3657,FACULDADE DE COMPUTAÇÃO DE MONTES CLAROS,FACOMP,2314,INSTITUTO SUPERIOR DE MONTES CLAROS LTDA - EPP,4,3,3,31,3143302,0,10,0,0,1,1,2,3,2,1,0,0,0,0,0,0,0,0.0,,1.0,1.0,1.0,1.0,1.0,2.0,0.0,1.0,892285.94,0.0,0.0,213363.84,77968.0,114508.62,142572.23,0.0,0.0,45315.67
2016,4199,FACULDADE DE TECNOLOGIA ROGACIONISTA,ROGA,2639,ASSOCIACAO ROGACIONISTA DE EDUCACAO E ASSISTENCIA SOCIAL (AREAS),5,3,5,53,5300108,1,10,0,2,0,0,4,1,2,0,1,0,0,0,0,0,1,1.0,,1.0,1.0,1.0,1.0,0.0,350.0,4658.0,2.0,721134.07,0.0,521876.0,372544.56,216091.56,347295.31,223741.81,25239.69,7211.34,36056.7
2016,10323,FACULDADE DE TECNOLOGIA BANDEIRANTES,BANDTEC,3432,EDUCARE TECNOLOGIA DA INFORMACAO LTDA.,4,3,3,35,3550308,1,28,0,0,0,0,2,6,10,5,1,4,0,0,0,0,1,1.0,,1.0,1.0,1.0,0.0,0.0,10.0,10.0,2.0,1911459.34,0.0,172384.24,1261362.52,335570.48,1056571.88,275844.24,0.0,239982.88,1205746.28
2016,4173,FACULDADE JK DE TECNOLOGIA,FACJK,13385,AESJK - ASSOCIACAO DE ENSINO SUPERIOR JUSCELINO KUBITSCHEK,5,3,5,53,5300108,1,22,2,0,5,2,5,1,3,2,1,1,0,0,0,0,0,0.0,,0.0,0.0,1.0,1.0,1.0,100.0,65.0,1.0,1440915.48,0.0,180000.0,485214.2,309216.56,242936.93,498977.46,76546.2,0.0,0.0
2016,15236,FACULDADE DE TECNOLOGIA ALCIDES MAYA,AMTEC,13952,SOCIEDADE EDUCACIONAL ID LTDA - EPP,4,3,4,43,4314902,1,34,1,2,4,2,10,6,4,3,1,1,0,0,0,0,0,0.0,,0.0,0.0,1.0,1.0,1.0,10.0,0.0,2.0,2379362.82,0.0,11020.13,292279.78,871663.29,484329.16,221075.33,5204.13,0.0,494463.09
2017,838,FACULDADE DE CIÊNCIAS TECNOLÓGICAS DE FORTALEZA,FCTFOR,580,ASSOCIACAO DE ENSINO SUPERIOR DE FORTALEZA-AESF,5,3,2,23,2304400,1,6,1,0,1,0,2,1,0,1,0,0,0,0,0,0,0,1.0,,1.0,1.0,1.0,1.0,1.0,5520.0,1030.0,1.0,186691.78,27536.89,0.0,103325.54,59001.04,8156.2,54551.8,6363.8,0.0,0.0
2017,4043,FACULDADE TECNOLOGIA EDUVALE - AVARÉ,FATEC EDUVALE,882,ASSOCIACAO EDUCACIONAL DO VALE DA JURUMIRIM,5,3,3,35,3504503,0,48,0,0,4,1,7,13,12,5,4,1,0,1,0,0,0,0.0,,0.0,1.0,1.0,1.0,0.0,0.0,0.0,2.0,745247.0,0.0,0.0,305551.0,111787.0,89429.0,33536.0,52167.0,111787.0,22357.0
2017,1330,FACULDADE COTEMIG,COTEMIG,889,SOCIEDADE TECNICA EDUCACIONAL DE MINAS GERAIS LTDA,4,3,3,31,3106200,1,9,0,0,0,0,0,1,3,0,2,1,1,1,0,0,1,0.0,,0.0,1.0,1.0,1.0,1.0,0.0,196.0,1.0,2492015.07,0.0,114258.41,549571.02,233335.2,578480.65,867996.92,272747.2,0.0,104142.49
2017,5016,FACULDADE DE EDUCAÇÃO TECNOLÓGICA DO ESTADO DO RIO DE JANEIRO - FAETERJ,FAETERJ R DE JANEIRO,904,FUNDACAO DE APOIO A ESCOLA TECNICA DO EST.RIO DE JANEIRO,2,3,3,33,3304557,1,22,1,0,0,2,3,6,4,3,1,1,0,1,0,0,0,0.0,,1.0,1.0,1.0,1.0,0.0,0.0,0.0,1.0,0.01,686089515.0,0.01,351952943.43,295640472.48,77429647.55,69300103.0,0.01,0.01,0.01
2017,5017,FACULDADE DE EDUCAÇÃO TECNOLÓGICA DO ESTADO DO RIO DE JANEIRO - FAETERJ,FAETERJ PETRÓPOLIS,904,FUNDACAO DE APOIO A ESCOLA TECNICA DO EST.RIO DE JANEIRO,2,3,3,33,3303906,0,7,0,0,0,0,0,0,1,2,3,1,0,0,0,0,0,0.0,,1.0,1.0,1.0,1.0,0.0,0.0,0.0,1.0,0.01,686089515.0,0.01,351952943.43,295640472.48,77429647.55,69300103.0,0.01,0.01,0.01
2017,3299,FACULDADE DE TECNOLOGIA INFORMÁTICA,FATI,2086,CENFOR - CENTRO PRIVADO DE EDUCACAO TECNOLOGICA DE FORTALEZA LTDA,4,3,2,23,2304400,1,6,1,1,1,1,1,0,1,0,0,0,0,0,0,0,0,1.0,,1.0,1.0,1.0,1.0,1.0,1232.0,847.0,1.0,158779.45,0.0,16958.21,93350.29,36522.42,23458.85,1272.77,11566.89,0.0,0.0
2017,3657,FACULDADE DE COMPUTAÇÃO DE MONTES CLAROS,FACOMP,2314,INSTITUTO SUPERIOR DE MONTES CLAROS LTDA - EPP,4,3,3,31,3143302,0,14,0,0,0,0,3,3,4,1,0,0,2,1,0,0,0,0.0,,1.0,1.0,1.0,1.0,1.0,2.0,0.0,1.0,894152.26,0.0,134480.5,205726.55,154294.91,180010.73,195440.22,205726.55,0.0,41145.31
2017,10323,FACULDADE DE TECNOLOGIA BANDEIRANTES,BANDTEC,3432,EDUCARE TECNOLOGIA DA INFORMACAO LTDA.,4,3,3,35,3550308,1,25,0,0,0,0,2,0,9,7,0,7,0,0,0,0,0,0.0,,1.0,1.0,1.0,1.0,0.0,30.0,6.0,2.0,2916308.0,0.0,128409.0,1263751.0,783261.0,1057821.0,382095.0,0.0,295230.0,1471471.0
2017,4173,FACULDADE JK DE TECNOLOGIA,FACJK,13385,AESJK - ASSOCIACAO DE ENSINO SUPERIOR JUSCELINO KUBITSCHEK,5,3,5,53,5300108,1,12,0,0,3,0,3,0,2,2,1,1,0,0,0,0,0,0.0,,0.0,0.0,1.0,1.0,1.0,227.0,2.0,1.0,830220.0,0.0,0.0,295047.0,112377.0,124590.26,172480.0,29737.0,0.0,45000.0
2017,15236,FACULDADE DE TECNOLOGIA ALCIDES MAYA,AMTEC,13952,SOCIEDADE EDUCACIONAL ID LTDA - EPP,4,3,4,43,4314902,1,21,0,0,3,1,7,5,2,1,1,0,1,0,0,0,0,0.0,,0.0,0.0,1.0,1.0,1.0,10.0,0.0,2.0,1605156.38,0.0,15218.2,256278.3,594802.95,175310.44,172138.11,8383.3,0.0,388214.26
2017,4199,Faculdade JK Brasília - Recanto das Emas II,,15890,JK EDUCACIONAL LTDA,5,3,5,53,5300108,1,14,0,0,1,1,7,2,1,1,1,0,0,0,0,0,0,1.0,,1.0,1.0,1.0,0.0,1.0,274.0,5000.0,1.0,785268.0,0.0,0.0,200877.36,141950.4,202268.38,133495.56,19631.7,7695.63,39263.4
2018,838,FACULDADE DE CIÊNCIAS TECNOLÓGICAS DE FORTALEZA,FCTFOR,580,ASSOCIACAO DE ENSINO SUPERIOR DE FORTALEZA-AESF,5,3,2,23,2304400,1,13,0,0,2,1,2,1,1,1,1,1,1,1,1,0,0,,1.0,1.0,1.0,1.0,1.0,0.0,8.0,89.0,1.0,203494.04,0.0,0.0,108491.87,47851.54,11010.87,15876.23,8590.86,8458.11,0.0
2018,4043,FACULDADE TECNOLOGIA EDUVALE - AVARÉ,FATEC EDUVALE,882,ASSOCIACAO EDUCACIONAL DO VALE DA JURUMIRIM,5,3,3,35,3504503,0,54,0,0,5,3,11,11,12,6,4,1,0,1,0,0,0,,1.0,0.0,1.0,1.0,1.0,1.0,0.0,10.0,2.0,768700.0,0.0,0.0,322854.0,99931.0,92444.0,34591.0,53809.0,115305.0,23061.0
2018,1330,FACULDADE COTEMIG,COTEMIG,889,SOCIEDADE TECNICA EDUCACIONAL DE MINAS GERAIS LTDA,4,3,3,31,3106200,1,7,0,0,0,0,0,1,1,1,2,0,1,1,0,0,1,,0.0,0.0,1.0,1.0,1.0,1.0,0.0,196.0,1.0,3275074.72,0.0,63222.54,574175.33,214671.4,659496.66,992894.41,616059.24,0.0,281000.22
2018,5016,FACULDADE DE EDUCAÇÃO TECNOLÓGICA DO ESTADO DO RIO DE JANEIRO - FAETERJ,FAETERJ R DE JANEIRO,904,FUNDACAO DE APOIO A ESCOLA TECNICA DO EST.RIO DE JANEIRO,2,3,3,33,3304557,1,22,1,0,0,2,3,6,4,3,1,1,0,1,0,0,0,,0.0,1.0,1.0,1.0,1.0,0.0,0.0,0.0,1.0,0.0,768654871.0,0.0,365836767.35,235340362.3,71197489.35,27685453.0,10464530.0,9494530.0,48635739.0
2018,5017,FACULDADE DE EDUCAÇÃO TECNOLÓGICA DO ESTADO DO RIO DE JANEIRO - FAETERJ,FAETERJ PETRÓPOLIS,904,FUNDACAO DE APOIO A ESCOLA TECNICA DO EST.RIO DE JANEIRO,2,3,3,33,3303906,0,13,1,0,0,1,0,1,1,4,4,1,0,0,0,0,0,,0.0,0.0,0.0,0.0,1.0,0.0,0.0,0.0,1.0,0.0,768654871.0,0.0,365836767.35,235340362.3,71197489.35,27685453.0,10464530.0,9494530.0,48635739.0
2018,3299,FACULDADE DE TECNOLOGIA INFORMÁTICA,FATI,2086,CENFOR - CENTRO PRIVADO DE EDUCACAO TECNOLOGICA DE FORTALEZA LTDA,4,3,2,23,2304400,1,9,0,0,2,1,2,1,1,1,1,0,0,0,0,0,0,,1.0,0.0,1.0,1.0,1.0,0.0,8.0,65.0,1.0,189703.13,0.0,21873.51,109219.84,46018.25,31669.45,1296.95,13301.92,9543.31,0.0
2018,10323,FACULDADE DE TECNOLOGIA BANDEIRANTES,BANDTEC,3432,EDUCARE TECNOLOGIA DA INFORMACAO LTDA.,4,3,3,35,3550308,1,14,0,0,0,0,2,1,6,1,1,0,1,2,0,0,0,,0.0,0.0,1.0,1.0,0.0,0.0,0.0,0.0,2.0,4537972.0,0.0,103387.0,916245.0,815462.0,792811.0,359882.0,0.0,771396.0,2456275.0
2018,3657,FACULDADE DE COMPUTAÇÃO DE MONTES CLAROS,,11897,INSTITUTO PROMINAS SERVICOS EDUCACIONAIS LTDA,4,3,3,31,3143302,0,56,1,1,2,2,11,7,15,6,1,2,4,2,0,2,0,,1.0,0.0,0.0,1.0,1.0,1.0,23.0,8000.0,2.0,940163.5,0.0,379558.2,248081.6,96020.98,119383.04,11520.24,250000.0,40000.0,81818.36
2018,4173,FACULDADE JK DE TECNOLOGIA,FACJK,13385,AESJK - ASSOCIACAO DE ENSINO SUPERIOR JUSCELINO KUBITSCHEK,5,3,5,53,5300108,1,9,0,0,0,0,3,0,2,0,3,1,0,0,0,0,0,,0.0,0.0,0.0,1.0,1.0,0.0,180.0,0.0,1.0,608707.73,0.0,59000.0,254055.46,110392.97,139562.48,132948.0,0.0,0.0,69600.0
2018,15236,FACULDADE DE TECNOLOGIA ALCIDES MAYA,AMTEC,13952,SOCIEDADE EDUCACIONAL ID LTDA - EPP,4,3,4,43,4314902,1,49,0,0,2,3,9,5,3,2,4,13,2,6,0,0,0,,1.0,0.0,0.0,1.0,1.0,1.0,10.0,3000.0,2.0,2002734.68,0.0,17121.36,338772.92,646646.99,249941.5,194300.52,18150.36,0.0,504108.42
2018,4199,Faculdade JK Brasília - Recanto das Emas II,,15890,JK EDUCACIONAL LTDA,5,3,5,53,5300108,1,19,0,0,0,0,7,8,2,1,0,0,0,0,0,1,1,,1.0,1.0,1.0,1.0,1.0,0.0,1000.0,1000.0,2.0,808545.83,0.0,0.0,94964.52,100496.64,115322.08,282991.04,28299.1,9702.55,137452.79
2019,838,FACULDADE DE CIÊNCIAS TECNOLÓGICAS DE FORTALEZA,FCTFOR,580,ASSOCIACAO DE ENSINO SUPERIOR DE FORTALEZA-AESF,5,3,2,23,2304400,1,13,0,0,1,1,1,1,2,1,2,1,0,1,2,0,0,,1.0,1.0,1.0,1.0,1.0,1.0,7.0,719.0,1.0,245237.32,0.0,10943.28,155857.86,61392.76,15903.2,2145.41,4036.75,11703.63,4865.2
2019,4043,FACULDADE TECNOLOGIA EDUVALE - AVARÉ,FATEC EDUVALE,882,ASSOCIACAO EDUCACIONAL DO VALE DA JURUMIRIM,5,3,3,35,3504503,0,52,0,0,6,4,7,11,10,8,5,0,0,1,0,0,0,,0.0,0.0,1.0,1.0,1.0,1.0,0.0,0.0,2.0,784100.0,0.0,0.0,324481.0,107615.0,94692.0,39205.0,55087.0,117915.0,23523.0
2019,1330,FACULDADE COTEMIG,COTEMIG,889,SOCIEDADE TECNICA EDUCACIONAL DE MINAS GERAIS LTDA,4,3,3,31,3106200,1,9,0,0,0,0,2,0,0,2,3,1,0,0,0,1,1,,0.0,0.0,1.0,1.0,1.0,1.0,0.0,198.0,1.0,3390163.75,0.0,0.0,681480.43,306004.29,443197.27,981802.98,669267.99,0.0,308410.79
2019,5017,FACULDADE DE EDUCAÇÃO TECNOLÓGICA DO ESTADO DO RIO DE JANEIRO - FAETERJ,FAETERJ PETRÓPOLIS,904,FUNDACAO DE APOIO A ESCOLA TECNICA DO EST.RIO DE JANEIRO,2,3,3,33,3303906,0,12,1,0,0,1,0,0,1,4,4,1,0,0,0,0,0,,0.0,1.0,1.0,1.0,1.0,0.0,100.0,0.0,1.0,0.0,768654871.0,0.0,365836767.35,235340362.3,71197489.35,27685453.0,10464530.0,9494530.0,48635739.0
2019,5016,FACULDADE DE EDUCAÇÃO TECNOLÓGICA DO ESTADO DO RIO DE JANEIRO - FAETERJ,FAETERJ R DE JANEIRO,904,FUNDACAO DE APOIO A ESCOLA TECNICA DO EST.RIO DE JANEIRO,2,3,3,33,3304557,1,22,1,0,0,2,3,6,4,3,1,1,0,1,0,0,0,,0.0,1.0,1.0,1.0,1.0,0.0,0.0,0.0,1.0,0.0,768654871.0,0.0,365836767.35,235340362.3,71197489.35,27685453.0,10464530.0,9494530.0,48635739.0
2019,3299,FACULDADE DE TECNOLOGIA INFORMÁTICA,FATI,2086,CENFOR - CENTRO PRIVADO DE EDUCACAO TECNOLOGICA DE FORTALEZA LTDA,4,3,2,23,2304400,1,14,0,0,1,2,2,1,1,1,2,1,0,1,2,0,0,,1.0,1.0,1.0,1.0,1.0,1.0,8.0,772.0,2.0,221446.41,0.0,30216.79,136585.83,54559.47,26777.12,2145.41,8747.81,11698.83,2865.2
2019,10323,FACULDADE DE TECNOLOGIA BANDEIRANTES,BANDTEC,3432,EDUCARE TECNOLOGIA DA INFORMACAO LTDA.,4,3,3,35,3550308,1,15,0,0,0,0,3,1,7,1,0,0,1,2,0,0,0,,0.0,1.0,1.0,1.0,0.0,0.0,0.0,100.0,1.0,9096033.0,0.0,10577.0,2457872.0,248327.0,674845.0,444769.0,0.0,1157411.0,4150875.0
2019,3657,FACULDADE DE COMPUTAÇÃO DE MONTES CLAROS,,11897,INSTITUTO PROMINAS SERVICOS EDUCACIONAIS LTDA,4,3,3,31,3143302,0,44,0,0,0,1,9,11,14,5,2,0,1,1,0,0,0,,0.0,1.0,1.0,1.0,0.0,1.0,8889.0,0.0,2.0,670842.33,0.0,0.0,71899.57,15395.65,33312.58,0.0,0.0,334.47,0.0
2019,4173,FACULDADE JK DE TECNOLOGIA,FACJK,13385,AESJK - ASSOCIACAO DE ENSINO SUPERIOR JUSCELINO KUBITSCHEK,5,3,5,53,5300108,1,5,0,0,0,0,0,0,4,0,1,0,0,0,0,0,0,,1.0,0.0,0.0,1.0,1.0,0.0,132.0,3.0,1.0,433669.9,0.0,52000.0,177832.66,88400.0,94432.72,87200.0,0.0,0.0,38000.0
2019,15236,FACULDADE DE TECNOLOGIA ALCIDES MAYA,AMTEC,13952,SOCIEDADE EDUCACIONAL ID LTDA - EPP,4,3,4,43,4314902,1,35,0,0,5,3,12,6,3,1,3,0,0,2,0,0,0,,0.0,0.0,0.0,1.0,1.0,1.0,10.0,2000.0,2.0,1647977.9,0.0,4258.79,218568.17,760098.53,230347.57,0.0,0.0,0.0,403627.99
2019,4199,Faculdade JK Brasília - Recanto das Emas II,,15890,JK EDUCACIONAL LTDA,5,3,5,53,5300108,1,15,0,0,2,0,2,3,2,2,2,0,2,0,0,0,1,,1.0,1.0,1.0,1.0,1.0,0.0,1000.0,500.0,2.0,768118.54,0.0,0.0,88227.92,57073.72,85727.97,268841.49,26884.15,9217.42,130580.15
